{
    "global": {
        "ask_for_confirmation_before_quitting": true,
        "check_for_updates_on_startup": true,
        "show_in_menu_bar": true,
        "show_profile_name_in_menu_bar": false,
        "unsafe_ui": false
    },
    "profiles": [
        {
            "complex_modifications": {
                "parameters": {
                    "basic.simultaneous_threshold_milliseconds": 50,
                    "basic.to_delayed_action_delay_milliseconds": 500,
                    "basic.to_if_alone_timeout_milliseconds": 1000,
                    "basic.to_if_held_down_threshold_milliseconds": 500,
                    "mouse_motion_to_scroll.speed": 100
                },
                "rules": [
                    {
                        "description": "R_ALT to switch input languages as it is in Windows (especially Korean)",
                        "manipulators": [
                            {
                                "from": {
                                    "key_code": "right_alt"
                                },
                                "to": [
                                    {
                                        "key_code": "spacebar",
                                        "lazy": true,
                                        "modifiers": [
                                            "left_control",
                                            "left_alt"
                                        ],
                                        "repeat": false
                                    }
                                ],
                                "type": "basic"
                            }
                        ]
                    }
                ]
            },
            "devices": [
                {
                    "disable_built_in_keyboard_if_exists": false,
                    "fn_function_keys": [],
                    "identifiers": {
                        "is_keyboard": true,
                        "is_pointing_device": false,
                        "product_id": 0,
                        "vendor_id": 0
                    },
                    "ignore": false,
                    "manipulate_caps_lock_led": true,
                    "simple_modifications": [],
                    "treat_as_built_in_keyboard": false
                },
                {
                    "disable_built_in_keyboard_if_exists": false,
                    "fn_function_keys": [],
                    "identifiers": {
                        "is_keyboard": false,
                        "is_pointing_device": true,
                        "product_id": 0,
                        "vendor_id": 0
                    },
                    "ignore": true,
                    "manipulate_caps_lock_led": false,
                    "simple_modifications": [],
                    "treat_as_built_in_keyboard": false
                },
                {
                    "disable_built_in_keyboard_if_exists": false,
                    "fn_function_keys": [],
                    "identifiers": {
                        "is_keyboard": true,
                        "is_pointing_device": false,
                        "product_id": 256,
                        "vendor_id": 2131
                    },
                    "ignore": false,
                    "manipulate_caps_lock_led": true,
                    "simple_modifications": [],
                    "treat_as_built_in_keyboard": true
                },
                {
                    "disable_built_in_keyboard_if_exists": false,
                    "fn_function_keys": [],
                    "identifiers": {
                        "is_keyboard": true,
                        "is_pointing_device": false,
                        "product_id": 50475,
                        "vendor_id": 1133
                    },
                    "ignore": false,
                    "manipulate_caps_lock_led": true,
                    "simple_modifications": [],
                    "treat_as_built_in_keyboard": false
                },
                {
                    "disable_built_in_keyboard_if_exists": false,
                    "fn_function_keys": [],
                    "identifiers": {
                        "is_keyboard": false,
                        "is_pointing_device": true,
                        "product_id": 50475,
                        "vendor_id": 1133
                    },
                    "ignore": true,
                    "manipulate_caps_lock_led": false,
                    "simple_modifications": [],
                    "treat_as_built_in_keyboard": false
                },
                {
                    "disable_built_in_keyboard_if_exists": false,
                    "fn_function_keys": [],
                    "identifiers": {
                        "is_keyboard": false,
                        "is_pointing_device": true,
                        "product_id": 613,
                        "vendor_id": 76
                    },
                    "ignore": true,
                    "manipulate_caps_lock_led": false,
                    "simple_modifications": [],
                    "treat_as_built_in_keyboard": false
                }
            ],
            "fn_function_keys": [
                {
                    "from": {
                        "key_code": "f1"
                    },
                    "to": [
                        {
                            "consumer_key_code": "display_brightness_decrement"
                        }
                    ]
                },
                {
                    "from": {
                        "key_code": "f2"
                    },
                    "to": [
                        {
                            "consumer_key_code": "display_brightness_increment"
                        }
                    ]
                },
                {
                    "from": {
                        "key_code": "f3"
                    },
                    "to": [
                        {
                            "apple_vendor_keyboard_key_code": "mission_control"
                        }
                    ]
                },
                {
                    "from": {
                        "key_code": "f4"
                    },
                    "to": [
                        {
                            "key_code": "f4"
                        }
                    ]
                },
                {
                    "from": {
                        "key_code": "f5"
                    },
                    "to": [
                        {
                            "consumer_key_code": "dictation"
                        }
                    ]
                },
                {
                    "from": {
                        "key_code": "f6"
                    },
                    "to": [
                        {
                            "key_code": "f6"
                        }
                    ]
                },
                {
                    "from": {
                        "key_code": "f7"
                    },
                    "to": [
                        {
                            "consumer_key_code": "rewind"
                        }
                    ]
                },
                {
                    "from": {
                        "key_code": "f8"
                    },
                    "to": [
                        {
                            "consumer_key_code": "play_or_pause"
                        }
                    ]
                },
                {
                    "from": {
                        "key_code": "f9"
                    },
                    "to": [
                        {
                            "consumer_key_code": "fast_forward"
                        }
                    ]
                },
                {
                    "from": {
                        "key_code": "f10"
                    },
                    "to": [
                        {
                            "consumer_key_code": "mute"
                        }
                    ]
                },
                {
                    "from": {
                        "key_code": "f11"
                    },
                    "to": [
                        {
                            "key_code": "f11"
                        }
                    ]
                },
                {
                    "from": {
                        "key_code": "f12"
                    },
                    "to": [
                        {
                            "key_code": "f12"
                        }
                    ]
                }
            ],
            "name": "Default profile",
            "parameters": {
                "delay_milliseconds_before_open_device": 1000
            },
            "selected": true,
            "simple_modifications": [],
            "virtual_hid_keyboard": {
                "country_code": 0,
                "indicate_sticky_modifier_keys_state": true,
                "mouse_key_xy_scale": 100
            }
        }
    ]
}